facility_name,license_number,municipality,zip_code,product_count
5 & Dime Detroit,PC-000205,Detroit,48234,2
7Engines,AU-R-000521,Buchanan,49107,5
"Atlas Cannabis, Atlas Cannabis Co.",AU-R-000762,Constantine,49042,13
Bazonzoes,AU-R-000293,Lansing,48917,3
Bazonzoes,AU-R-000394,Walled Lake,48390,30
Bazonzoes,AU-R-000703,Lansing,48911,3
BBJ Corunna LLC,AU-R-000859,Corunna,48817,1
Bodega Michigan,AU-R-000617,Muskegon,49442,11
BOWZ,AU-R-001153,Riverview,48193,3
Cannabis King,AU-R-000512,Burton,48529,37
CannaVibes Emporium,AU-R-000364,Battle Creek,49037,5
Cherry Brands,AU-R-001080,Jackson,49202,18
CHO,AU-R-000797,Stanton,48888,6
Cloud Cannabis 28th Street,AU-R-000940,Grand Rapids,49508,26
Cloud Cannabis Cedar Springs,AU-R-000853,Cedar Springs,49319,49
Cloud Cannabis Company,AU-R-000317,Ann Arbor,48105,49
Cloud Cannabis Company,AU-R-000956,Traverse City,49686,7
Cloud Cannabis Company,AU-R-001143,Gaylord,49735,5
Cloud Cannabis Company,AU-R-001144,Grand Rapids,49508,26
Cloud Cannabis Company,AU-R-001147,Grand Rapids,49504,30
Cloud Cannabis Company,AU-R-001148,Muskegon,49445,19
Cloud Cannabis Company,AU-R-001149,New Baltimore,48047,27
Cloud Cannabis Company,AU-R-001151,Utica,48317,37
Cloud Cannabis Company,AU-R-001152,Ann Arbor,48105,29
Cloud Cannabis Company,AU-R-001183,Cedar Springs,49319,4
Cloud Cannabis Company,AU-R-001228,Kalamazoo,49004,3
Cloud Cannabis Detroit,AU-R-000889,Detroit,48224,35
Cloud Cannabis Fulton,AU-R-000976,Grand Rapids,49504,42
Cloud Cannabis Kalamazoo,AU-R-000556,Kalamazoo,49004,84
Cloud Cannabis Muskegon,AU-R-000955,Muskegon,49445,44
Cloud Cannabis New Baltimore,AU-R-000707,New Baltimore,48047,20
Cloud Cannabis Utica,AU-R-000434,Utica,48317,2
Cloud Cannabis Utica,AU-R-000999,Utica,48317,68
"Cloud Gaylord, LLC",AU-R-000980,Gaylord,49735,43
Consume Cannabis Alma,AU-R-001002,Alma,48801,43
Consume Cannabis Bay City,AU-R-000500,Bay City,48708,9
Consume Cannabis Harrisville,AU-R-000345,Harrisville,48740,10
Consume Cannabis Ionia,AU-R-000485,Ionia,48846,48
Consume Cannabis Lapeer,AU-R-000341,Lapeer,48446,28
Consume Cannabis Quincy,AU-R-000249,Quincy,49082,58
Crave Cannabis,AU-R-000656,Monroe,48161,317
Crave Cannabis Ann Arbor,AU-R-001107,Ann Arbor,48108,20
Dacut,AU-R-000887,Detroit,48205,63
Daly Dope Inc,AU-R-000804,Three Rivers,49093,1
Dank On Arrival,AU-R-000145,Bay City,48706,2
Depot Town Cannabis Company,AU-R-000292,Ypsilanti,48198,2
Dispo,AU-R-000153,Bay City,48706,33
Dispo Romeo,AU-R-000716,Romeo,48065,77
Dreams Canna,AU-R-001010,Southfield,48034,63
Elite Cannabis,AU-R-000551,Bay City,48706,90
Elite Cannabis Saginaw,AU-R-001114,Saginaw,48602,9
Elite Wellness Jackson,AU-R-000282,Jackson,49201,67
Elite Wellness Mount Morris,AU-R-000103,Mt. Morris,48458,50
Endo,AU-R-000653,Adrian,49221,94
Exclusive Cannabis Cookies,AU-R-000718,Monroe,48161,47
Exclusive Coldwater,AU-R-000863,Coldwater,49036,32
Exclusive Provisioning Centers,AU-R-000100,Ann Arbor,48108,1
Fire Creek,AU-R-000321,Battle Creek,49014,37
First Class Cannabis Co.,AU-R-000320,Lansing,48906,62
First Class Cannabis Co.,AU-R-000482,Portage,49002,63
First Class Cannabis Co.,AU-R-000552,Camden,49232,91
First Class Cannabis Co.,AU-R-000824,Jackson,49201,53
Flavor Galaxy LLC,AU-P-000373,Hazel Park,48030,452
Flora East Lansing,AU-R-000941,E Lansing,48823,30
Gatsby Cannabis Co.,AU-R-001000,Battle Creek,49014,66
Gramz Cannabis,AU-R-000842,Mt. Morris,48458,15
"Green Acres Collective, LLC",AU-R-001008,Inkster,48141,27
Green Acres Ecorse,AU-R-001096,Ecorse,48229,8
Green Buddha of Ferndale,AU-R-000241,Ferndale,48220,30
"Green Genie 3, Inc.",PC-000763,Detroit,48228,7
Green Genie Inc,PC-000009,Detroit,48219,14
Green House of Walled Lake,AU-R-000128,Walled Lake,48390,2
Green Labs Provisions,AU-R-000801,Luna Pier,48157,55
"Green Mountain Monroe, LLC",AU-R-001078,Monroe,48161,4
Green Pharm,AU-R-000624,Hazel Park,48030,2
Green Pharm Bay City,AU-R-000218,Bay City,48706,58
Greencare Provisioning Center,AU-R-000220,River Rouge,48218,72
H.O.D. Monroe,AU-R-000805,Monroe,48161,339
Hashish Boyz,AU-R-000325,Bay City,48706,70
Hayat CC,AU-R-000435,Hazel Park,48030,62
Herbology Cannabis Co,AU-R-000126,River Rouge,48218,33
Herbology Cannabis Co. Express,AU-R-000266,River Rouge,48218,22
Herbology Cannabis Co. W. Branch,AU-R-001079,West Branch,48661,19
Herbology Cannabis Co. Ypsilanti,AU-R-000993,Ypsilanti,48197,19
High Club Cannabis,AU-R-000897,Detroit,48238,5
Holistic Health Wayne Inc,AU-R-000303,Wayne,48184,70
Holistic Industries,AU-P-000175,Madison Heights,48071,12
House of Dank - Lapeer,AU-R-000352,Lapeer,48446,36
House of Dank - Saginaw,AU-R-000591,Saginaw,48601,34
House of Dank 2,AU-R-000895,Detroit,48217,54
House of Dank Center Line,AU-R-000391,Center Line,48015,86
House of Dank Grand Rapids,AU-R-000831,Grand Rapids,49546,37
"House of Dank Michigan, LLC",AU-R-000894,Detroit,48234,47
House of Dank TC,AU-R-000958,Traverse City,49686,34
House of Dank Ypsilanti,AU-R-000876,Ypsilanti,48198,40
House of Zen,AU-R-000896,Detroit,48215,5
Jade Collection of Morenci,AU-R-000610,Morenci,49256,49
"JAR Capital, LLC",AU-R-000927,Monroe,48161,21
Joyology of Allegan,AU-R-000870,Allegan,49010,25
Joyology of Burton,AU-R-000622,Burton,48509,35
Joyology of Centerline,AU-R-000421,Center Line,48015,74
Joyology of Lowell,AU-R-000682,Lowell,49331,10
Joyology of Memphis,AU-R-001055,Memphis,48041,7
Joyology of Quincy,AU-R-000433,Quincy,49082,59
Joyology of Reading,AU-R-000284,Reading,49274,38
Joyology of Three Rivers,AU-R-001049,Three Rivers,49093,6
KAI - Apple,AU-R-000539,Muskegon,49442,83
King of Budz,AU-R-000826,Monroe,48161,289
King of Budz Ferndale,AU-R-000990,City of Ferndale,48220,58
King of Budz Provisioning,AU-R-000936,Detroit,48213,21
Kush Kabana,AU-R-001089,Eau Claire,49111,8
Lab Link Testing LLC,AU-SC-000133,Madison Heights,48071,81
Leaf and Bud,AU-G-C-001060,Detroit,48238,19
Leaf and Bud,AU-R-000835,Centerline,48015,27
Leaf and Bud,AU-R-000904,Detroit,48238,19
Leaf and Bud #5,AU-R-001022,Hazel Park,48030,14
Levels,AU-R-000486,Muskegon,49441,26
Levels,AU-R-000497,Center Line,48015,26
Levels of Big Rapids,AU-R-000655,Big Rapids,49307,27
Levels of Kalamazoo,AU-R-000270,Kalamazoo,49006,16
Levels of Lansing,AU-R-000658,Lansing,48911,15
Levels Provisioning of Niles,AU-R-000834,Niles,49120,96
Levels Provisioning of Sturgis,AU-R-000782,Sturgis,49091,44
Liberty Cannabis,AU-R-000917,Detroit,48216,29
Light Em Up Cannabis Company,AU-R-001119,Detroit,48210,15
Luckys Cannabis Company,AU-R-000812,Muskegon,49445,2
"Michigan Pure Green, LLC",AU-P-000420,Clare,48617,8
"Michigan's Finest MMD, Inc",AU-R-000288,Wayne,48184,40
Mood Provisioning Center,AU-R-000756,Center Line,48015,32
Motor City Oasis LLC,AU-R-000641,Vassar,48768,5
Motown Meds,PC-000873,Detroit,48228,1
Nobo,AU-R-000369,Edwardsburg,49112,17
Nobo,AU-R-000400,Muskegon,49442,6
OI Processing LLC,AU-P-000392,Marquette,49855,3
Olswell Cannabis Co.,AU-R-000561,Adrian,49221,70
Olswell-Grand Rapids,AU-R-000535,Grand Rapids,49508,54
"OUI-D Operations, LLC",AU-R-001034,Saginaw,48601,2
OUI-D Shop,AU-R-001077,Benzonia,49616,5
Pegasus,AU-R-000636,Jackson,49202,2
Pharmhouse Wellness,AU-R-000343,Grand Rapids,49504,2
Plan B Wellness Center LLC,PC-000137,Detroit,48219,19
"Plan B Wellness Center, LLC",AU-R-000911,Detroit,48219,32
Planet 59,AU-R-001059,WaterfoRd,48328,34
Planet Jane LLC,AU-MB-A-000003,Ypsilanti,48197,23
Planted Provisioning,AU-R-000550,Whitmore Lake,48189,13
Planted Provisioning,AU-R-000595,Flint,48507,29
Premier Cannabis Co,AU-R-001093,Saginaw,48602,17
Premier Provisioning Center LLC,AU-R-000711,Caro,48723,1
Premier Saginaw III,AU-R-000547,Saginaw,48607,2
"Production Dr. Holdings, LLC",AU-P-000234,Harrison Township,48045,8
Proper Leaf Cannabis Company,AU-R-000726,Memphis,48041,7
Puff,AU-R-000524,River Rouge,48218,1
Pure Cannabis Outlet,AU-R-000922,Monroe,48161,1
Pure NB,AU-R-000584,New Baltimore,48047,3
Quest Cannabis,AU-R-000585,Whitmore Lake,48189,35
"Redbud Roots Lab VII, Inc.",AU-R-001025,Benton Harbor,49022,60
ReLeaf Center for Compassionate Care,AU-R-000152,Niles,49120,2
"Remedi, LLC",AU-R-000910,Orion Twp,48359,37
Remedii,AU-R-000130,Morenci,49256,3
Remedii Natural Health,AU-R-000143,Bay City,48706,2
Rush Cannaco,AU-R-000661,Hazel Park,48030,6
Sapura,AU-R-000957,Lansing,48910,6
"Securecann III, LLC",AU-R-000833,Flint,48507,44
Shake and Bake Detroit,PC-000226,Detroit,48235,1
Smoke Society Bay City,AU-R-000568,Bay City,48706,9
"Steadfast, LLC",AU-SC-000116,Hazel Park,48030,55
Sticky Muskegon,AU-R-000681,Muskegon,49441,6
Sticky Ypsi,AU-R-000616,Ypsilanti,48197,6
Stiiizy,AU-R-000587,Ferndale,48220,2
Stiiizy,AU-R-000608,Kalamazoo,49002,2
Stiiizy,AU-R-000809,Battle Creek,49015,1
Sunset Coast Provisions,AU-R-000459,Cassopolis,49031,19
Superior Buds Cannabis,AU-R-001069,Battle Creek,49014,28
Tend.Harvest.Cultivate.,AU-R-000319,Grand Rapids,49507,49
The Cake House,AU-R-000781,Battle Creek,49014,6
The Cake House - Lansing,AU-R-001074,Lansing,48910,18
The Dude Abides Marijuana Retailer,AU-R-000507,Coldwater,49036,3
The Dude Abides Provisioning Center,AU-R-000381,Constantine,49042,3
The Dude Abides Provisioning Center,AU-R-000744,Sturgis,49091,6
The Goat Cannabis Company LLC,AU-R-000819,Three Rivers,49093,24
The Herbalist,AU-R-000924,Detroit,48228,8
The Patient Station,AU-R-000269,Ypsilanti,48197,58
The Refinery Kalamazoo,AU-R-000250,Kalamazoo,49001,3
The Remeddi Station,AU-R-000194,Vassar,48768,2
"The Remedy Detroit, LLC",AU-R-000912,Detroit,48219,8
The Wellflower,AU-R-000753,Whitmore Lake,48189,43
"The WellFlower Ypsilanti, LLC",AU-R-000665,Ypsilanti,48197,26
The Woods Whitehall,AU-R-000945,Whitehall,49461,7
Top Cannabis Outlet,AU-R-001012,Bay City,48708,53
Ultra Cannabis,AU-R-001066,Detroit,48219,29
Uniq Cannabis,AU-R-001028,Monroe,48161,1
Vibe the Ultimate Cannabis Experience,AU-R-000420,Inkster,48141,7
Viridis North,AU-SC-000103,Bay City,48706,9
Wayne Releaf,AU-R-000291,Wayne,48184,25
West Coast Meds,AU-R-000919,Detroit,48238,20
White Flower Cannabis Co.,AU-R-000571,Paw Paw,49079,16
